Rank,Name,1 - Least Walkable,2 - Below Avg,3 - Above Avg,4 - Most Walkable,Avg Walkability Index
1,"Santa Monica, California",0.0,0.0,27541.0,64036.0,8.258356068491114
2,"San Francisco, California",0.0,9190.0,284023.0,581748.0,8.10433650005092
3,"Berkeley, California",0.0,0.0,51145.0,71685.0,8.072412877018728
4,"Cambridge, Massachusetts",0.0,0.0,47032.0,73465.0,8.026712174096495
5,"Allentown, Pennsylvania",0.0,593.0,37706.0,84329.0,7.999060702200749
6,"Seattle, Washington",1232.0,10425.0,287718.0,439819.0,7.98705677720385
7,"Providence, Rhode Island",0.0,0.0,83051.0,99932.0,7.913623267275044
8,"Evanston, Illinois",0.0,0.0,33302.0,44082.0,7.888331329201735
9,"Pawtucket, Rhode Island",0.0,0.0,39130.0,43644.0,7.869960437615167
10,"Somerville, Massachusetts",0.0,0.0,41427.0,47444.0,7.866613287503054
11,"Alameda, California",0.0,75.0,32732.0,45715.0,7.8652821401712405
12,"Union City, New Jersey",0.0,0.0,35199.0,41581.0,7.836017466171289
13,"Portland, Oregon",3848.0,47704.0,228452.0,415843.0,7.80516259132282
14,"Miami Beach, Florida",1609.0,803.0,35067.0,53012.0,7.769640656325811
15,"Passaic, New Jersey",0.0,0.0,42496.0,36893.0,7.7222467516711495
16,"Miami, Florida",0.0,11854.0,233409.0,228189.0,7.70462258831774
17,"Westminster, California",0.0,1038.0,50722.0,44992.0,7.665195551513148
18,"Boston, Massachusetts",457.0,8856.0,364334.0,334873.0,7.645176899511807
19,"Mountain View, California",0.0,1220.0,50108.0,39236.0,7.63814917743544
20,"Minneapolis, Minnesota",0.0,2909.0,252050.0,173124.0,7.5859667278000815
21,"Philadelphia, Pennsylvania",0.0,28705.0,886178.0,680509.0,7.571382439979773
22,"Pittsburgh, Pennsylvania",997.0,11667.0,167493.0,124843.0,7.556786540120794
23,"Lawrence, Massachusetts",0.0,0.0,57284.0,30222.0,7.552152514053175
24,"Wilmington, Delaware",0.0,0.0,46201.0,28257.0,7.538654783834335
25,"Quincy, Massachusetts",0.0,3526.0,50759.0,42722.0,7.527834941916831
26,"Cicero, Illinois",0.0,0.0,48219.0,34993.0,7.52574021459455
27,"Clifton, New Jersey",0.0,2298.0,44186.0,40040.0,7.513941674838013
28,"Trenton, New Jersey",0.0,1194.0,57635.0,32076.0,7.484057966819034
29,"Lowell, Massachusetts",0.0,5847.0,59751.0,47933.0,7.476470604597214
30,"Pleasanton, California",0.0,12621.0,33188.0,47164.0,7.467300353752957
31,"New Bedford, Massachusetts",1688.0,3065.0,51259.0,39227.0,7.466217123568904
32,"Torrance, California",0.0,2026.0,89368.0,62874.0,7.465688555664579
33,"Sunnyvale, California",0.0,6523.0,93544.0,62467.0,7.453032984839449
34,"Bethlehem, Pennsylvania",0.0,2850.0,47135.0,26707.0,7.451994581195595
35,"Paterson, New Jersey",0.0,4546.0,98971.0,59917.0,7.4371412120005935
36,"Redondo Beach, California",0.0,6503.0,35958.0,33402.0,7.429513520563729
37,"Oakland, California",85.0,23972.0,241154.0,167258.0,7.418289306042137
38,"Chicago, Illinois",2021.0,94442.0,1603894.0,1037389.0,7.407435974895523
39,"Los Angeles, California",9404.0,234581.0,2143839.0,1648998.0,7.394696242163813
40,"Newton, Massachusetts",0.0,8586.0,57681.0,41419.0,7.391025760080231
41,"Alexandria, Virginia",0.0,14755.0,83428.0,70199.0,7.380398673692463
42,"Portland, Maine",337.0,3533.0,44987.0,21926.0,7.374844688399012
43,"Washington, District of Columbia",0.0,28253.0,404356.0,260074.0,7.371049998795683
44,"Hialeah, Florida",0.0,3716.0,177269.0,85034.0,7.367217339639965
45,"Lynn, Massachusetts",0.0,6796.0,49121.0,38355.0,7.366538482152426
46,"Denver, Colorado",1250.0,32485.0,414390.0,274006.0,7.36569625907648
47,"Pasadena, California",2234.0,9354.0,80801.0,60954.0,7.364260788593303
48,"Camden, New Jersey",0.0,663.0,50540.0,27871.0,7.3496521579386656
49,"Santa Ana, California",0.0,11395.0,212358.0,117946.0,7.348881386988642
50,"St. Paul, Minnesota",2610.0,8560.0,182177.0,111945.0,7.345474513787318
51,"Garden Grove, California",0.0,1819.0,134010.0,62879.0,7.3380893201661666
52,"Santa Clara, California",0.0,11455.0,68373.0,49408.0,7.334837856813568
53,"Erie, Pennsylvania",0.0,1969.0,62211.0,33083.0,7.327320336558987
54,"Buena Park, California",0.0,0.0,72089.0,31479.0,7.3233138969972424
55,"Huntington Beach, California",0.0,15572.0,112610.0,74175.0,7.315349006692964
56,"Alhambra, California",0.0,4526.0,56307.0,25345.0,7.299253930970292
57,"Costa Mesa, California",0.0,9827.0,63318.0,42586.0,7.279332653899309
58,"Baltimore, Maryland",0.0,26926.0,397081.0,187617.0,7.259310372661015
59,"Syracuse, New York",0.0,7373.0,102361.0,37695.0,7.259203270369929
60,"Oxnard, California",0.0,15063.0,135797.0,76992.0,7.258305137129642
61,"Jersey City, New Jersey",0.0,8499.0,186647.0,82547.0,7.248370076231479
62,"St. Louis, Missouri",0.0,14734.0,198059.0,110125.0,7.243140429002507
63,"Fall River, Massachusetts",0.0,6478.0,54230.0,31279.0,7.230918499353169
64,"Tempe, Arizona",0.0,3737.0,133186.0,55975.0,7.208182562805212
65,"Burbank, California",1673.0,3456.0,61236.0,37338.0,7.204164778260996
66,"New Rochelle, New York",0.0,5414.0,51182.0,22471.0,7.184325685145107
67,"San Leandro, California",0.0,4028.0,72455.0,23373.0,7.161265116504606
68,"Beaverton, Oregon",0.0,14086.0,107643.0,60750.0,7.149396859220426
69,"Mount Vernon, New York",0.0,0.0,53096.0,15711.0,7.143022473998591
70,"Milpitas, California",1005.0,10438.0,50704.0,21277.0,7.12579681727333
71,"Milwaukee, Wisconsin",3205.0,45223.0,408609.0,181423.0,7.11968156930245
72,"Orem, Utah",0.0,9691.0,59942.0,35681.0,7.118899321627653
73,"Champaign, Illinois",1301.0,4623.0,66968.0,29887.0,7.117894501283026
74,"Burlington, Vermont",0.0,2831.0,30922.0,9426.0,7.1172627775929085
75,"New Haven, Connecticut",0.0,6887.0,92068.0,33433.0,7.1093341263240575
76,"Inglewood, California",0.0,6030.0,92599.0,23675.0,7.107858072378753
77,"Richmond, California",3154.0,8263.0,89131.0,40897.0,7.10761054603705
78,"Salinas, California",0.0,9960.0,112136.0,39769.0,7.101584166142354
79,"Bridgeport, Connecticut",0.0,8060.0,106992.0,30587.0,7.0941265732393095
80,"Downey, California",0.0,5432.0,76172.0,33008.0,7.0894484732929595
81,"Fort Lauderdale, Florida",0.0,16649.0,132651.0,57050.0,7.089224108247357
82,"Yonkers, New York",0.0,7679.0,141830.0,50459.0,7.0805656536624815
83,"New York, New York",8618.0,907992.0,4893589.0,2628322.0,7.076849404746338
84,"Bellflower, California",0.0,6249.0,49501.0,21445.0,7.068434006838459
85,"Hartford, Connecticut",0.0,4832.0,92711.0,25545.0,7.057587169128461
86,"Norwalk, California",0.0,5704.0,70271.0,31312.0,7.0419641757744715
87,"Newark, New Jersey",0.0,14894.0,217558.0,76533.0,7.041530886782954
88,"Boulder, Colorado",697.0,12685.0,72740.0,38711.0,7.041382023225134
89,"Gresham, Oregon",0.0,11158.0,76051.0,29518.0,7.030413745433
90,"Fullerton, California",0.0,16995.0,84858.0,51887.0,7.022352673344608
91,"Compton, California",3776.0,2001.0,86460.0,26103.0,7.018968983215179
92,"Cranston, Rhode Island",4748.0,9935.0,33225.0,34221.0,7.01879264392153
93,"South Gate, California",0.0,6817.0,69003.0,20750.0,7.005731593662628
94,"Madison, Wisconsin",1998.0,28153.0,192553.0,79895.0,6.994503930075256
95,"Salt Lake City, Utah",5961.0,23375.0,125809.0,77483.0,6.986963713468894
96,"San Jose, California",15745.0,112892.0,642740.0,329645.0,6.98051774193718
97,"Livermore, California",0.0,22356.0,33435.0,41594.0,6.980018537384174
98,"New Orleans, Louisiana",3628.0,28453.0,261011.0,102019.0,6.976530446007909
99,"Racine, Wisconsin",4093.0,7137.0,51162.0,29588.0,6.968135235348643
100,"Buffalo, New York",0.0,15019.0,182247.0,72238.0,6.967959561580574
101,"Santa Maria, California",953.0,11250.0,67676.0,39420.0,6.958547982711287
102,"Hawthorne, California",0.0,10899.0,79449.0,28387.0,6.954056468074637
103,"Lynchburg, Virginia",5327.0,806.0,57166.0,24411.0,6.951231930584642
104,"Sacramento, California",3569.0,55082.0,349165.0,146493.0,6.949108757598721
105,"Rochester, New York",3779.0,13856.0,163605.0,55219.0,6.934938092082728
106,"Hollywood, Florida",2431.0,11399.0,119275.0,30684.0,6.932914330407767
107,"Albany, New York",1544.0,7143.0,64791.0,25544.0,6.927895608525061
108,"Stamford, Connecticut",5406.0,17454.0,65461.0,45054.0,6.924040645193115
109,"Orange, California",2807.0,29679.0,63124.0,53321.0,6.923942171736894
110,"Lynwood, California",730.0,2680.0,56881.0,11734.0,6.921531631926051
111,"St. Petersburg, Florida",2779.0,37583.0,157548.0,86063.0,6.912386778060997
112,"Tacoma, Washington",6083.0,25330.0,152350.0,61608.0,6.906902844650497
113,"Baldwin Park, California",0.0,8912.0,51797.0,21768.0,6.906754865630801
114,"Anaheim, California",3159.0,45064.0,214292.0,103765.0,6.890814763511375
115,"Newport Beach, California",0.0,23696.0,36965.0,34964.0,6.889141795665633
116,"El Monte, California",0.0,8344.0,106564.0,25228.0,6.886693152216041
117,"Schenectady, New York",0.0,4929.0,47175.0,13754.0,6.877240666122164
118,"Union City, California",0.0,8349.0,46254.0,21271.0,6.877185930136249
119,"Glendale, California",8888.0,15728.0,116462.0,60408.0,6.875987596369501
120,"West Covina, California",0.0,11107.0,92027.0,29204.0,6.8757857670669456
121,"Modesto, California",5416.0,18391.0,174094.0,46112.0,6.853900471653046
122,"Brockton, Massachusetts",0.0,10464.0,58776.0,27774.0,6.844916034907605
123,"Miami Gardens, Florida",4257.0,4368.0,88347.0,32929.0,6.840251017070084
124,"Carson, California",946.0,10968.0,78394.0,22606.0,6.83924211533137
125,"Worcester, Massachusetts",4369.0,21749.0,108831.0,53639.0,6.835073225622438
126,"Springfield, Massachusetts",2503.0,18853.0,101925.0,35513.0,6.822799714691592
127,"Fremont, California",2035.0,18731.0,188430.0,29373.0,6.815865585395022
128,"Pompano Beach, Florida",2595.0,10142.0,80479.0,19346.0,6.812795801892573
129,"Kenner, Louisiana",0.0,8057.0,42420.0,16300.0,6.807948765845157
130,"Missoula, Montana",9976.0,7571.0,43832.0,28211.0,6.798105697886867
131,"Cleveland, Ohio",1873.0,48256.0,266283.0,85004.0,6.792506697344034
132,"Turlock, California",994.0,8787.0,51717.0,19268.0,6.778070370935139
133,"Fargo, North Dakota",6741.0,13269.0,100070.0,24831.0,6.766386918431598
134,"Lincoln, Nebraska",10312.0,34775.0,180621.0,71584.0,6.760041076042905
135,"Spokane, Washington",13964.0,29468.0,136927.0,70788.0,6.743194329678591
136,"Norfolk, Virginia",249.0,35656.0,166559.0,42137.0,6.741239599872531
137,"Hayward, California",1781.0,27555.0,108901.0,42897.0,6.738029362385393
138,"Atlanta, Georgia",11545.0,96552.0,296286.0,141616.0,6.720498620539211
139,"Everett, Washington",6790.0,16906.0,76390.0,38863.0,6.714175515363268
140,"Lake Forest, California",0.0,12372.0,49587.0,21613.0,6.705786627099987
141,"Richmond, Virginia",4921.0,44970.0,147110.0,63438.0,6.6923117262937195
142,"Clearwater, Florida",1540.0,21969.0,99274.0,29287.0,6.674968591334324
143,"Pomona, California",2490.0,17703.0,111935.0,31236.0,6.67423457980177
144,"San Buenaventura (Ventura), California",2818.0,15928.0,74793.0,21994.0,6.673803383585553
145,"Vallejo, California",5533.0,14133.0,86475.0,26384.0,6.668375778155063
146,"Richardson, Texas",0.0,17781.0,76728.0,15390.0,6.6670588928303065
147,"Salem, Oregon",9687.0,34500.0,113713.0,65512.0,6.6669168927457125
148,"Eugene, Oregon",11130.0,33404.0,102546.0,55230.0,6.662591411304693
149,"Vacaville, California",4442.0,9890.0,65262.0,23702.0,6.6365269149872805
150,"Stockton, California",9050.0,42584.0,246796.0,52847.0,6.633676407417567
151,"Largo, Florida",0.0,15928.0,88015.0,20867.0,6.630225100046807
152,"Toledo, Ohio",2354.0,33800.0,220798.0,32832.0,6.620720315094945
153,"Ann Arbor, Michigan",3149.0,14622.0,90421.0,25847.0,6.620593338702287
154,"Elizabeth, New Jersey",771.0,29352.0,78041.0,26990.0,6.620296885502153
155,"Bellevue, Washington",5130.0,27977.0,86927.0,37346.0,6.6132501956377805
156,"Bloomington, Indiana",6479.0,22662.0,44449.0,29143.0,6.611384800763552
157,"Waterbury, Connecticut",0.0,15702.0,85001.0,7573.0,6.601863220891639
158,"Irving, Texas",2226.0,28674.0,168002.0,37285.0,6.599675368736594
159,"Sandy, Utah",1275.0,35119.0,49364.0,41782.0,6.5994092668553925
160,"Whittier, California",4088.0,15894.0,68068.0,19916.0,6.5958698498650135
161,"Sioux City, Iowa",7303.0,8414.0,57478.0,16227.0,6.573885326700482
162,"Boynton Beach, Florida",2044.0,10196.0,77489.0,15018.0,6.546171903930924
163,"Warwick, Rhode Island",0.0,18628.0,49187.0,19685.0,6.539836992481202
164,"Detroit, Michigan",0.0,72121.0,553690.0,71992.0,6.538868797007027
165,"Tampa, Florida",13924.0,95028.0,218979.0,117694.0,6.5386841071824024
166,"Grand Rapids, Michigan",4792.0,29279.0,151865.0,33783.0,6.52260375153815
167,"West Valley City, Utah",6338.0,20584.0,85677.0,29473.0,6.519488080172841
168,"Irvine, California",1316.0,61802.0,140060.0,70363.0,6.509652166066129
169,"Hillsboro, Oregon",2122.0,31355.0,72825.0,31160.0,6.4976180977096805
170,"Boise City, Idaho",20629.0,36130.0,112659.0,71320.0,6.491271248804664
171,"Cincinnati, Ohio",7797.0,78240.0,186364.0,74908.0,6.47917636213831
172,"Ogden, Utah",2636.0,14543.0,71709.0,16078.0,6.449586432498942
173,"West Palm Beach, Florida",1762.0,36371.0,69950.0,31690.0,6.449529443793639
174,"Kennewick, Washington",3867.0,13483.0,53298.0,24487.0,6.445626574977941
175,"Albuquerque, New Mexico",17038.0,125898.0,351106.0,119143.0,6.445168346635321
176,"Tustin, California",0.0,17243.0,53726.0,15617.0,6.444231898435023
177,"New Britain, Connecticut",1035.0,8630.0,56817.0,7584.0,6.439607561961097
178,"Flint, Michigan",42.0,14099.0,76700.0,8396.0,6.4389149738823015
179,"El Cajon, California",3365.0,27238.0,80475.0,23339.0,6.428894488988118
180,"Medford, Oregon",13404.0,9829.0,57639.0,21419.0,6.42393218727377
181,"Federal Way, Washington",1007.0,21721.0,67165.0,16513.0,6.420267406764757
182,"Chula Vista, California",6950.0,90780.0,129758.0,64197.0,6.40482126085909
183,"Rialto, California",7041.0,7925.0,93189.0,11560.0,6.400937753480309
184,"San Diego, California",50162.0,393877.0,687120.0,343142.0,6.400402452987623
185,"Riverside, California",7501.0,60100.0,251927.0,49893.0,6.376952183637583
186,"Dallas, Texas",67414.0,305431.0,835331.0,269393.0,6.368995003920202
187,"Merced, California",10225.0,1392.0,68657.0,14035.0,6.366355055693187
188,"Fresno, California",15410.0,135525.0,338218.0,96986.0,6.347717233589553
189,"Lauderhill, Florida",0.0,14966.0,56974.0,0.0,6.340358193231197
190,"Dayton, Ohio",13222.0,22969.0,123199.0,25569.0,6.335139281223348
191,"Phoenix, Arizona",57785.0,289172.0,1087878.0,227195.0,6.330519494707961
192,"Renton, Washington",5432.0,19925.0,82758.0,17652.0,6.326215813452867
193,"Honolulu, Hawaii",81732.0,156437.0,569775.0,176877.0,6.3249538695223215
194,"Concord, California",11104.0,24699.0,90902.0,23678.0,6.313488681706395
195,"Vancouver, Washington",6912.0,64411.0,90427.0,49778.0,6.311568930030915
196,"Rancho Cucamonga, California",2167.0,57799.0,94842.0,33769.0,6.310100885775263
197,"Kent, Washington",9975.0,18920.0,69240.0,26323.0,6.302248443989985
198,"Vista, California",0.0,32234.0,68127.0,12237.0,6.296366627059841
199,"Duluth, Minnesota",7275.0,10722.0,58197.0,18969.0,6.295275917165949
200,"Aurora, Colorado",33067.0,54430.0,254137.0,62428.0,6.279294553285073
201,"Sunrise, Florida",0.0,16325.0,82174.0,3009.0,6.270429035409186
202,"Wilmington, North Carolina",0.0,52769.0,54275.0,36850.0,6.256856472564236
203,"Longmont, Colorado",7576.0,21428.0,53885.0,24283.0,6.245588252626862
204,"Tucson, Arizona",52491.0,84127.0,357308.0,85047.0,6.239144776044916
205,"Des Moines, Iowa",8200.0,43580.0,165866.0,25922.0,6.230116327613686
206,"Montgomery, Alabama",15573.0,40030.0,120941.0,33176.0,6.2296348765772915
207,"Gainesville, Florida",5841.0,28997.0,106435.0,22842.0,6.226110381520018
208,"Roanoke, Virginia",11341.0,21107.0,81804.0,21405.0,6.220946947079769
209,"Plantation, Florida",0.0,25672.0,69211.0,5954.0,6.219934673101926
210,"Waukegan, Illinois",9896.0,16086.0,83844.0,8292.0,6.218878356255699
211,"Provo, Utah",10260.0,22523.0,67990.0,18375.0,6.210740997927388
212,"Lansing, Michigan",2625.0,30708.0,94748.0,15644.0,6.209894626983183
213,"Ontario, California",1355.0,39046.0,127892.0,12506.0,6.197345350943661
214,"Las Vegas, Nevada",43980.0,166855.0,364935.0,134975.0,6.191763090693198
215,"Deerfield Beach, Florida",1265.0,25510.0,44769.0,12445.0,6.191069820546676
216,"Citrus Heights, California",0.0,24151.0,60251.0,9565.0,6.1902692042503125
217,"Waukesha, Wisconsin",6679.0,19745.0,44297.0,15854.0,6.187924981382129
218,"El Paso, Texas",30036.0,135278.0,480986.0,65830.0,6.1873662555698345
219,"San Bernardino, California",16092.0,53671.0,188047.0,28916.0,6.179108552929864
220,"Peoria, Illinois",4837.0,34563.0,86670.0,12262.0,6.165839201493888
221,"Centennial, Colorado",3162.0,42732.0,85922.0,16167.0,6.1656737242577995
222,"Portsmouth, Virginia",7712.0,18106.0,53806.0,15473.0,6.159296906261366
223,"Westminster, Colorado",5506.0,41462.0,84065.0,14968.0,6.1567408154017675
224,"Tulsa, Oklahoma",24200.0,102765.0,261811.0,54017.0,6.152628702469623
225,"Coral Springs, Florida",0.0,55046.0,95415.0,12891.0,6.1519576065635455
226,"Thornton, Colorado",9222.0,41331.0,100195.0,26495.0,6.149632663096783
227,"Orlando, Florida",2420.0,159648.0,224333.0,71218.0,6.149459542361198
228,"North Las Vegas, Nevada",12104.0,58546.0,139952.0,36746.0,6.147258114074096
229,"Lakewood, Colorado",2294.0,57981.0,89933.0,35345.0,6.144908519540592
230,"Glendale, Arizona",17459.0,44004.0,180581.0,35920.0,6.135158168910929
231,"Dearborn, Michigan",1858.0,36672.0,37612.0,18559.0,6.134004031525258
232,"Garland, Texas",13201.0,57551.0,148601.0,21334.0,6.130705788889827
233,"Bend, Oregon",8545.0,33110.0,47173.0,15304.0,6.10668822162963
234,"Brooklyn Park, Minnesota",3530.0,22430.0,60433.0,5156.0,6.103396455507577
235,"Parma, Ohio",1923.0,22341.0,47282.0,10233.0,6.102141780060638
236,"Simi Valley, California",12137.0,26513.0,71857.0,26704.0,6.0991009237022205
237,"Folsom, California",4860.0,18091.0,49952.0,15136.0,6.093156681159846
238,"Omaha, Nebraska",17444.0,167699.0,250549.0,80861.0,6.08708043103948
239,"Bloomington, Illinois",4575.0,25860.0,47072.0,15318.0,6.083922207889773
240,"Fontana, California",6467.0,49405.0,156708.0,9774.0,6.082028159932742
241,"Mission Viejo, California",4029.0,28657.0,68912.0,9447.0,6.0819447307990355
242,"Thousand Oaks, California",16380.0,35288.0,62706.0,34818.0,6.081154167995465
243,"Lafayette, Indiana",11495.0,9784.0,55946.0,18259.0,6.076865454449242
244,"Roseville, California",1579.0,51755.0,68833.0,26432.0,6.068467380066664
245,"Oceanside, California",12009.0,40214.0,106603.0,21240.0,6.0640633522094545
246,"Asheville, North Carolina",16200.0,43860.0,52761.0,30462.0,6.063679461000445
247,"Houston, Texas",138685.0,1164196.0,1520400.0,644909.0,6.0599098862579766
248,"Arvada, Colorado",11510.0,38878.0,55239.0,29712.0,6.053080743443074
249,"Fort Collins, Colorado",16745.0,45389.0,102008.0,25260.0,6.051965076787383
250,"Wyoming, Michigan",1574.0,31104.0,49806.0,5698.0,6.048908119451514
251,"Escondido, California",9718.0,43979.0,86693.0,26393.0,6.039713280130467
252,"West Jordan, Utah",11889.0,33246.0,71869.0,15327.0,6.033846148951056
253,"Long Beach, California",1834.0,206691.0,197570.0,62945.0,5.998096223417147
254,"San Mateo, California",686.0,40490.0,53739.0,13989.0,5.957757580795446
255,"Hampton, Virginia",5615.0,32278.0,86835.0,10313.0,5.953386866133054
256,"Plano, Texas",1844.0,136964.0,113278.0,47253.0,5.951056459310963
257,"Springfield, Illinois",17080.0,27109.0,82014.0,19232.0,5.927723906320963
258,"Santa Fe, New Mexico",9721.0,25803.0,48215.0,16943.0,5.910249989806359
259,"Columbia, South Carolina",19837.0,53498.0,114930.0,32987.0,5.906611846268175
260,"Upland, California",3668.0,28733.0,36504.0,10944.0,5.9019247513892985
261,"Corpus Christi, Texas",36981.0,80634.0,181674.0,42035.0,5.89821648083716
262,"Elk Grove, California",2339.0,67909.0,79126.0,21011.0,5.895028287330705
263,"Carrollton, Texas",2502.0,55846.0,77051.0,15598.0,5.885253035699908
264,"Savannah, Georgia",23187.0,56669.0,85657.0,35662.0,5.883816263661515
265,"Memphis, Tennessee",49680.0,211245.0,368057.0,86981.0,5.882061936896623
266,"Topeka, Kansas",23550.0,22702.0,83992.0,15989.0,5.870635795001993
267,"Chandler, Arizona",5753.0,97564.0,126126.0,33302.0,5.865131992095598
268,"Columbus, Ohio",58427.0,382757.0,448349.0,156323.0,5.863255377212038
269,"Spokane Valley, Washington",17616.0,17974.0,63841.0,11706.0,5.862951748032182
270,"Mesa, Arizona",30783.0,186240.0,259692.0,69761.0,5.8614789651281445
271,"Sioux Falls, South Dakota",17128.0,62805.0,79082.0,27628.0,5.86140639447614
272,"Bloomington, Minnesota",5550.0,36002.0,38156.0,17199.0,5.836763190753155
273,"San Antonio, Texas",100771.0,566108.0,844083.0,199506.0,5.827080289383404
274,"Lewisville, Texas",9235.0,38783.0,53066.0,19356.0,5.826876453005645
275,"Moreno Valley, California",18644.0,43268.0,139036.0,6248.0,5.825114359045746
276,"Hemet, California",11531.0,29924.0,60177.0,13238.0,5.824357053511292
277,"Cedar Rapids, Iowa",23429.0,46303.0,78329.0,20493.0,5.822876067204451
278,"Colorado Springs, Colorado",33096.0,230257.0,166184.0,97531.0,5.822188927584696
279,"Austin, Texas",101539.0,384261.0,460722.0,183660.0,5.822143992830592
280,"Kansas City, Missouri",56435.0,147255.0,247135.0,79425.0,5.818445321223851
281,"Scottsdale, Arizona",31494.0,84367.0,103455.0,46588.0,5.803648566479077
282,"Raleigh, North Carolina",21928.0,226366.0,208125.0,69283.0,5.799561098152667
283,"Louisville, Kentucky",89040.0,203577.0,299748.0,118907.0,5.788497338496903
284,"Overland Park, Kansas",8009.0,86204.0,93287.0,25738.0,5.788421610446641
285,"Independence, Missouri",15318.0,28951.0,73760.0,8980.0,5.767458460258306
286,"Perris, California",11261.0,22485.0,54696.0,6161.0,5.7636741796883015
287,"Lexington, Kentucky",23391.0,95646.0,176149.0,26486.0,5.763083775431267
288,"Bakersfield, California",53915.0,120004.0,292617.0,27851.0,5.762153993361051
289,"Yuma, Arizona",14900.0,28697.0,57962.0,15519.0,5.760704739350555
290,"Amarillo, Texas",29617.0,46374.0,113330.0,24448.0,5.745522035468192
291,"Redlands, California",7593.0,23030.0,55432.0,4087.0,5.738931790660118
292,"Corona, California",12599.0,75311.0,83662.0,23428.0,5.715007287449396
293,"Fairfield, California",4175.0,39139.0,64945.0,11259.0,5.697343320230997
294,"Clovis, California",10211.0,37282.0,60369.0,10344.0,5.6776873468886135
295,"Henderson, Nevada",11991.0,150333.0,138068.0,31069.0,5.669151360031402
296,"Pembroke Pines, Florida",11086.0,57281.0,96262.0,6818.0,5.666420004586348
297,"Lakewood, California",4709.0,30698.0,43683.0,4612.0,5.6655864979645845
298,"Melbourne, Florida",6941.0,37911.0,67783.0,11021.0,5.660488732749256
299,"Newport News, Virginia",19608.0,51625.0,103180.0,11582.0,5.660163473551215
300,"Wichita, Kansas",50661.0,124566.0,207981.0,43087.0,5.65838883501109
301,"Auburn, Washington",8294.0,31500.0,43449.0,9773.0,5.656154798495335
302,"Indianapolis, Indiana",117255.0,276355.0,404809.0,107286.0,5.649747434319122
303,"Boca Raton, Florida",9023.0,45870.0,49276.0,14813.0,5.648160845205247
304,"Redwood City, California",0.0,54415.0,37770.0,11849.0,5.644036413196901
305,"Kansas City, Kansas",16242.0,52088.0,70136.0,14063.0,5.640552909524366
306,"Tallahassee, Florida",25054.0,73823.0,115181.0,20580.0,5.635970706947904
307,"Virginia Beach, Virginia",37883.0,144483.0,241759.0,26076.0,5.635203644126677
308,"Indio, California",10143.0,41547.0,49512.0,7403.0,5.632754864925767
309,"San Ramon, California",904.0,47422.0,39501.0,6217.0,5.6242503508995805
310,"Little Rock, Arkansas",19356.0,80002.0,76905.0,29459.0,5.6215878198427225
311,"Chino, California",13753.0,24512.0,39095.0,15904.0,5.621145915161036
312,"Charlotte, North Carolina",72758.0,334740.0,396403.0,109149.0,5.614293360310585
313,"North Charleston, South Carolina",12147.0,49348.0,63193.0,13965.0,5.607864881925992
314,"Reno, Nevada",40890.0,89054.0,115527.0,40391.0,5.595159276338344
315,"Aurora, Illinois",19424.0,90968.0,114284.0,20544.0,5.584104284444902
316,"Norwalk, Connecticut",8525.0,35411.0,35548.0,9115.0,5.573678507717505
317,"Arlington Heights, Illinois",0.0,55468.0,26375.0,8238.0,5.569558450026555
318,"Carlsbad, California",2920.0,68573.0,50349.0,12553.0,5.5670531289345435
319,"Fort Wayne, Indiana",38539.0,91604.0,135736.0,28434.0,5.563600924686876
320,"Charleston, South Carolina",15459.0,78087.0,66780.0,28449.0,5.524473161449513
321,"Plymouth, Minnesota",2050.0,36882.0,46511.0,5795.0,5.516822111285579
322,"Davie, Florida",2063.0,71227.0,59325.0,7414.0,5.506631896926616
323,"Elgin, Illinois",9181.0,75351.0,77367.0,17678.0,5.506160090247169
324,"Avondale, Arizona",15117.0,31939.0,52243.0,5678.0,5.494100963469191
325,"Redding, California",20240.0,27411.0,53550.0,9752.0,5.485626203983005
326,"Victorville, California",28079.0,35619.0,78363.0,2553.0,5.481755970339915
327,"Layton, Utah",2875.0,62224.0,38191.0,9623.0,5.4759640281968345
328,"Miramar, Florida",3557.0,64589.0,69810.0,2976.0,5.471022979353984
329,"Daly City, California",3248.0,65833.0,29982.0,13335.0,5.446616160055294
330,"Murrieta, California",12401.0,49449.0,55769.0,11651.0,5.435484481684602
331,"Durham, North Carolina",34683.0,114432.0,118277.0,36219.0,5.426341601588875
332,"Lakeland, Florida",25983.0,54708.0,51146.0,22243.0,5.422975077881618
333,"Nashville, Tennessee",102838.0,257722.0,232386.0,92532.0,5.399021174774545
334,"Jacksonville, Florida",101892.0,352009.0,368781.0,74798.0,5.392175107845828
335,"Jackson, Mississippi",24753.0,68454.0,80385.0,11749.0,5.391013264597063
336,"Schaumburg, Illinois",5026.0,69361.0,34063.0,13460.0,5.378193360934943
337,"Santa Barbara, California",8298.0,54617.0,30327.0,11899.0,5.376920916723858
338,"Santa Rosa, California",19915.0,102302.0,62811.0,19410.0,5.359820710023526
339,"Sandy Springs, Georgia",15205.0,45267.0,41492.0,12596.0,5.35484048809174
340,"Birmingham, Alabama",59007.0,91853.0,127509.0,28063.0,5.337479698423691
341,"Oklahoma City, Oklahoma",80991.0,291452.0,255146.0,58743.0,5.294838089713831
342,"Anchorage, Alaska",54778.0,83316.0,130437.0,25000.0,5.290610926237683
343,"San Marcos, California",1351.0,59344.0,23835.0,10386.0,5.2857751230450845
344,"Fort Worth, Texas",160886.0,366626.0,416038.0,77183.0,5.284818953892113
345,"Gilbert, Arizona",7636.0,143569.0,77264.0,18834.0,5.268848548669359
346,"Iowa City, Iowa",5965.0,42726.0,23278.0,10082.0,5.267276000998096
347,"Norman, Oklahoma",23811.0,54139.0,42211.0,11853.0,5.256869686069979
348,"Hesperia, California",22309.0,33652.0,47143.0,2600.0,5.236413898592695
349,"Sparks, Nevada",21187.0,42114.0,29549.0,16375.0,5.23563455445664
350,"Bolingbrook, Illinois",4145.0,44065.0,30727.0,5141.0,5.2310570635537665
351,"Palatine, Illinois",0.0,59586.0,15422.0,9239.0,5.226588733754694
352,"Joliet, Illinois",28665.0,79802.0,71387.0,12779.0,5.194021109680339
353,"Knoxville, Tennessee",54134.0,118359.0,116819.0,23094.0,5.152086589751461
354,"Cary, North Carolina",9042.0,134592.0,60340.0,13762.0,5.150812282571072
355,"Nampa, Idaho",4314.0,87393.0,31208.0,10594.0,5.139224203690587
356,"Denton, Texas",21450.0,88296.0,67647.0,12305.0,5.13506662390248
357,"Roswell, Georgia",5857.0,59611.0,38484.0,7480.0,5.125882766360224
358,"Palm Bay, Florida",9106.0,47992.0,59852.0,0.0,5.117651042955827
359,"Naperville, Illinois",14108.0,119704.0,35192.0,18441.0,5.111237963135853
360,"Temecula, California",10481.0,80601.0,39917.0,5993.0,5.084343188691773
361,"Mount Pleasant, South Carolina",5961.0,61436.0,17453.0,9273.0,5.058280402407377
362,"Apple Valley, California",10826.0,31450.0,33346.0,0.0,4.999153685435454
363,"Scranton, Pennsylvania",2065.0,53006.0,23100.0,0.0,4.967591292773132
364,"Olathe, Kansas",13598.0,87152.0,37575.0,14277.0,4.946791585127878
365,"Chattanooga, Tennessee",41910.0,105557.0,60685.0,22964.0,4.945530314692736
366,"Chesapeake, Virginia",45087.0,97306.0,91736.0,5853.0,4.939689226692002
367,"Hammond, Indiana",4390.0,54197.0,20706.0,1800.0,4.928261703424335
368,"Deltona, Florida",18951.0,38341.0,44130.0,2204.0,4.906190480543902
369,"Yakima, Washington",13813.0,68911.0,29067.0,2421.0,4.884502642362216
370,"Fayetteville, Arkansas",19376.0,54844.0,27863.0,7122.0,4.871459519638345
371,"Cape Coral, Florida",31191.0,91373.0,73923.0,2602.0,4.86845079336377
372,"Tracy, California",13203.0,58620.0,22555.0,4015.0,4.862233995037087
373,"Meridian, Idaho",0.0,110013.0,9258.0,0.0,4.851996934005663
374,"Lawrence, Kansas",9617.0,66454.0,25470.0,0.0,4.822690497330869
375,"Reading, Pennsylvania",2869.0,82332.0,12495.0,0.0,4.804666624286724
376,"Menifee, California",10587.0,55833.0,34345.0,0.0,4.800647676851038
377,"Peoria, Arizona",38962.0,97917.0,50722.0,8877.0,4.800319012547808
378,"Napa, California",4560.0,59656.0,23399.0,982.0,4.740939903513425
379,"Fishers, Indiana",0.0,88695.0,8814.0,0.0,4.740270128911178
380,"Visalia, California",4562.0,105565.0,29241.0,2045.0,4.725878325040466
381,"Manteca, California",12127.0,59130.0,11552.0,2404.0,4.720229245970006
382,"Bellingham, Washington",8425.0,72522.0,21076.0,0.0,4.684741108429112
383,"Canton, Ohio",7793.0,79929.0,19213.0,0.0,4.67697396106341
384,"Southfield, Michigan",8287.0,50817.0,18394.0,0.0,4.672320915582202
385,"St. Joseph, Missouri",6433.0,58808.0,16743.0,0.0,4.658223106434118
386,"McAllen, Texas",2957.0,104841.0,33493.0,0.0,4.655230023590732
387,"Antioch, California",13318.0,88739.0,30577.0,1598.0,4.650691771669473
388,"Allen, Texas",5104.0,92672.0,14496.0,0.0,4.647208518035148
389,"Concord, North Carolina",13290.0,79788.0,30106.0,2146.0,4.635469308394261
390,"Loveland, Colorado",16479.0,61506.0,15709.0,4996.0,4.627152807035321
391,"Kenosha, Wisconsin",10567.0,86635.0,15152.0,1204.0,4.625160710826186
392,"Round Rock, Texas",26373.0,102546.0,47475.0,1217.0,4.608891430088641
393,"Pasadena, Texas",17408.0,115017.0,39229.0,0.0,4.582820827454002
394,"Cheyenne, Wyoming",7686.0,52442.0,18861.0,0.0,4.570507152561549
395,"Muncie, Indiana",5633.0,59654.0,13161.0,0.0,4.562749578668272
396,"Lafayette, Louisiana",11034.0,123325.0,22783.0,0.0,4.5620399317010625
397,"Carmel, Indiana",6610.0,69263.0,23866.0,0.0,4.549949051234248
398,"Santa Clarita, California",23099.0,147391.0,44693.0,3611.0,4.527676237633766
399,"Sugar Land, Texas",5174.0,116591.0,17903.0,0.0,4.524406939463961
400,"Manchester, New Hampshire",18704.0,91668.0,13816.0,3976.0,4.494765752432328
401,"Warren, Michigan",10930.0,108458.0,18569.0,1724.0,4.488540995101997
402,"Appleton, Wisconsin",8499.0,77275.0,14827.0,0.0,4.4849101636009685
403,"Danbury, Connecticut",16504.0,53524.0,13102.0,1489.0,4.471700706759276
404,"Springfield, Missouri",20305.0,176314.0,26698.0,0.0,4.47053645478707
405,"Rio Rancho, New Mexico",18088.0,71352.0,20658.0,1087.0,4.465742255084578
406,"Greeley, Colorado",19533.0,71433.0,28419.0,1086.0,4.458565918244574
407,"Chico, California",11214.0,81745.0,17734.0,1055.0,4.457633764315574
408,"Chino Hills, California",9416.0,57832.0,16394.0,0.0,4.457141904281279
409,"Johns Creek, Georgia",9899.0,83075.0,6033.0,0.0,4.4557086075253585
410,"Lee's Summit, Missouri",9222.0,73625.0,13343.0,0.0,4.454831720115342
411,"Troy, Michigan",4375.0,75556.0,6335.0,0.0,4.447103329115454
412,"Albany, Georgia",13326.0,43720.0,25815.0,0.0,4.433507859389121
413,"St. George, Utah",11741.0,82366.0,14281.0,0.0,4.43140918687833
414,"Midland, Texas",25925.0,103413.0,28280.0,0.0,4.431216779275142
415,"Evansville, Indiana",21413.0,90547.0,23237.0,0.0,4.42123910410656
416,"League City, Texas",21182.0,100647.0,7095.0,0.0,4.40907882897962
417,"McKinney, Texas",21375.0,150361.0,26058.0,0.0,4.402408699534817
418,"Lubbock, Texas",34744.0,210392.0,36482.0,0.0,4.40130705236769
419,"Davenport, Iowa",7497.0,91762.0,10116.0,0.0,4.3907532030075185
420,"South Bend, Indiana",18341.0,92801.0,18024.0,0.0,4.378231765406735
421,"Livonia, Michigan",11154.0,75573.0,7522.0,0.0,4.356346653964219
422,"Edmond, Oklahoma",11000.0,73905.0,15226.0,0.0,4.353364198163564
423,"Huntsville, Alabama",74956.0,154190.0,47468.0,16257.0,4.3506896066509615
424,"O'Fallon, Missouri",7768.0,119876.0,3400.0,0.0,4.340062156704299
425,"Mesquite, Texas",33609.0,85443.0,26558.0,1754.0,4.336677064597652
426,"Akron, Ohio",24528.0,189212.0,23418.0,0.0,4.331162303079316
427,"Waterloo, Iowa",9595.0,51499.0,10967.0,0.0,4.318009084408751
428,"Nashua, New Hampshire",17620.0,76765.0,17380.0,0.0,4.312552183034422
429,"Billings, Montana",21915.0,84437.0,23186.0,0.0,4.3017135390468635
430,"Hoover, Alabama",29924.0,84740.0,14400.0,1359.0,4.296623900288818
431,"Las Cruces, New Mexico",18568.0,88522.0,23294.0,0.0,4.288600151132526
432,"Arlington, Texas",39826.0,327600.0,49617.0,0.0,4.2805471782096935
433,"Laredo, Texas",55658.0,166650.0,42555.0,0.0,4.265302300275593
434,"Pharr, Texas",16788.0,56613.0,8606.0,0.0,4.247920748742245
435,"Greensboro, North Carolina",44170.0,271133.0,38367.0,4197.0,4.244953542723091
436,"Frisco, Texas",21480.0,175775.0,20040.0,0.0,4.2364875060704525
437,"Palmdale, California",18089.0,146139.0,13582.0,0.0,4.2314839316952755
438,"Tyler, Texas",20441.0,100226.0,18633.0,0.0,4.2309128348509475
439,"Lancaster, California",29831.0,111155.0,26610.0,2355.0,4.228933943498884
440,"Lake Charles, Louisiana",11359.0,77200.0,8932.0,0.0,4.21767191465447
441,"Longview, Texas",18940.0,67463.0,8044.0,0.0,4.216412936690196
442,"Farmington Hills, Michigan",3192.0,81043.0,3563.0,0.0,4.213969326720066
443,"Charleston, West Virginia",17217.0,33757.0,12281.0,0.0,4.211835552837512
444,"Sterling Heights, Michigan",14974.0,118204.0,0.0,0.0,4.211716452298506
445,"Columbia, Missouri",19335.0,110342.0,17980.0,0.0,4.201039714017159
446,"Fort Smith, Arkansas",17298.0,74893.0,8624.0,0.0,4.1985669425759005
447,"Rapid City, South Dakota",14217.0,63167.0,15888.0,0.0,4.196285002324837
448,"Pearland, Texas",19939.0,169007.0,1161.0,0.0,4.18607055915602
449,"Mobile, Alabama",40386.0,168844.0,20780.0,0.0,4.17478496358282
450,"Odessa, Texas",27779.0,83814.0,24448.0,0.0,4.1736666848500406
451,"High Point, North Carolina",28540.0,90644.0,9167.0,3132.0,4.162878971345905
452,"Baton Rouge, Louisiana",43292.0,206329.0,24377.0,0.0,4.1533359252334145
453,"Kalamazoo, Michigan",11307.0,67733.0,5349.0,0.0,4.146192351085919
454,"Westland, Michigan",14308.0,59724.0,7906.0,0.0,4.1434605240676206
455,"San Angelo, Texas",23053.0,70858.0,12452.0,0.0,4.139593952586401
456,"Broken Arrow, Oklahoma",33505.0,74960.0,21530.0,579.0,4.137664828897185
457,"Springdale, Arkansas",15306.0,76571.0,5208.0,0.0,4.13659273073243
458,"Baytown, Texas",17944.0,76939.0,13741.0,0.0,4.130491662208992
459,"Rock Hill, South Carolina",28064.0,68558.0,9077.0,0.0,4.117949380589669
460,"Pueblo, Colorado",19042.0,98348.0,5853.0,1112.0,4.116337141756728
461,"Greenville, North Carolina",27284.0,92206.0,13594.0,0.0,4.114656512942361
462,"Wichita Falls, Texas",20946.0,73860.0,12353.0,0.0,4.091018707567356
463,"College Station, Texas",23879.0,94130.0,4965.0,0.0,4.0894206991122655
464,"Lawton, Oklahoma",23771.0,65559.0,10456.0,0.0,4.084351037536116
465,"Missouri City, Texas",15683.0,124079.0,10525.0,0.0,4.075444071396028
466,"Abilene, Texas",34271.0,81575.0,15975.0,0.0,4.073968128231307
467,"Gary, Indiana",19965.0,52263.0,6345.0,0.0,4.060397404492101
468,"Athens, Georgia",41050.0,68630.0,16496.0,0.0,4.059803057049802
469,"Rochester, Minnesota",39167.0,75798.0,13115.0,595.0,4.048818218072869
470,"Rochester Hills, Michigan",24793.0,50329.0,6571.0,0.0,4.0467849142521395
471,"Port St. Lucie, Florida",15817.0,193509.0,0.0,0.0,4.034290130177205
472,"Jonesboro, Arkansas",13105.0,67707.0,3713.0,0.0,4.03370475879139
473,"Macon, Georgia",32291.0,71914.0,8527.0,0.0,4.029775088379146
474,"Beaumont, Texas",35439.0,88393.0,4807.0,0.0,4.028359043115762
475,"Green Bay, Wisconsin",18696.0,98770.0,7290.0,0.0,4.020563297451361
476,"Grand Prairie, Texas",37915.0,143303.0,17625.0,0.0,4.009063484891678
477,"Rockford, Illinois",39166.0,136458.0,7944.0,0.0,4.001463963447362
478,"Waco, Texas",51347.0,110249.0,15487.0,0.0,3.98688081741033
479,"Decatur, Illinois",19557.0,59860.0,6309.0,0.0,3.9809533925100413
480,"Bryan, Texas",24518.0,66490.0,5352.0,0.0,3.975409648030413
481,"Tuscaloosa, Alabama",44006.0,98075.0,7693.0,0.0,3.937718267452787
482,"Columbus, Georgia",45929.0,135749.0,14348.0,0.0,3.9355049303341607
483,"Gulfport, Mississippi",20093.0,62312.0,4103.0,0.0,3.912908571887479
484,"Gastonia, North Carolina",29142.0,69879.0,5409.0,651.0,3.8934551240922417
485,"Warner Robins, Georgia",23027.0,106654.0,819.0,0.0,3.8907858439201446
486,"Youngstown, Ohio",17240.0,45772.0,6651.0,0.0,3.8830901701953096
487,"Winston-Salem, North Carolina",88647.0,176520.0,21014.0,5147.0,3.8816886988657395
488,"Mission, Texas",11536.0,96264.0,963.0,0.0,3.8718911762272095
489,"Murfreesboro, Tennessee",66295.0,108877.0,8709.0,1570.0,3.866741647460288
490,"Killeen, Texas",65905.0,100444.0,7227.0,0.0,3.784646282653678
491,"Surprise, Arizona",42179.0,105218.0,17250.0,0.0,3.78027393853453
492,"Shreveport, Louisiana",78959.0,133352.0,9548.0,0.0,3.762297462043816
493,"Fayetteville, North Carolina",69683.0,175327.0,4287.0,0.0,3.761985545459095
494,"Augusta, Georgia",67895.0,124036.0,9921.0,0.0,3.753820803569474
495,"Jacksonville, North Carolina",35641.0,53051.0,746.0,0.0,3.6585396999509214
496,"Palm Coast, Florida",35042.0,60018.0,422.0,0.0,3.6498483042822065
497,"Edinburg, Texas",46944.0,60840.0,3453.0,0.0,3.616757818654623
498,"Brownsville, Texas",84060.0,153136.0,9108.0,0.0,3.6139728696416245
499,"Clarksville, Tennessee",69217.0,97131.0,3545.0,0.0,3.558626528709867
500,"Suffolk, Virginia",41451.0,41081.0,7561.0,0.0,3.503494634491726
